liga,Best_overall_rating
Premier league,79.31818181818181
Santander,77.45161290322581
Serie A,77.79166666666667
